timestamp,peak_value
2025-06-21T11:04:52.993228,0.1919982474650838
2025-06-21T11:04:52.993228,0.07419818416369324
2025-06-21T11:04:52.993228,0.08060731080076759
2025-06-21T11:04:52.993228,0.07232342083922745
2025-06-21T11:04:52.993228,0.08318630301810129
2025-06-21T11:04:52.993228,0.07379795786670833
2025-06-21T11:04:52.993228,0.07661104212307308
2025-06-21T11:04:52.993228,0.08847209624962685
2025-06-21T11:04:52.993228,0.06681932636634727
2025-06-21T11:04:52.993228,0.06974864791907145
2025-06-21T11:04:52.993228,0.08121417447502235
2025-06-21T11:04:52.993228,0.08097335839267603
2025-06-21T11:04:52.993228,0.06816617349825424
2025-06-21T11:04:52.993228,0.09852589341112641
2025-06-21T11:04:52.993228,0.0746467725478035
2025-06-21T11:04:52.993228,0.07878795802036709
2025-06-21T11:04:52.993228,0.07191677418151488
2025-06-21T11:04:52.993228,0.08936534756777051
2025-06-21T11:04:52.993228,0.07018504175176318
2025-06-21T11:04:52.993228,0.06756692832767572
2025-06-21T11:04:52.993228,0.08745670154243708
2025-06-21T11:04:52.993228,0.09999024432006935
2025-06-21T11:04:52.993228,0.06851655032833441
2025-06-21T11:04:52.993228,0.06687211407799665
2025-06-21T11:04:52.993228,0.07308711489031446
2025-06-21T11:04:52.993228,0.09727442461557419
2025-06-21T11:04:52.993228,0.11601434144595837
2025-06-21T11:04:52.993228,0.07404780193197555
2025-06-21T11:04:52.993228,0.1233689337406408
2025-06-21T11:04:52.993228,0.10809417443796485
2025-06-21T11:04:52.993228,0.07919197255901471
2025-06-21T11:04:52.993228,0.10661738777557617
2025-06-21T11:04:52.993228,0.08025491708098069
2025-06-21T11:04:52.993228,0.06734750763051696
2025-06-21T11:04:52.993228,0.07155847618605463
2025-06-21T11:04:52.993228,0.08718635320981646
2025-06-21T11:04:52.993228,0.07922140716415563
2025-06-21T11:04:52.993228,0.07334772802157238
2025-06-21T11:04:52.993228,0.06734954962443199
2025-06-21T11:04:52.993228,0.07366184802628935
2025-06-21T11:04:52.993228,0.07029808799700013
2025-06-21T11:04:52.993228,0.07493999118642627
2025-06-21T11:04:52.993228,0.08567706441815766
2025-06-21T11:04:52.993228,0.06730634149617094
2025-06-21T11:04:52.993228,0.06897416622950363
2025-06-21T11:04:52.993228,0.07090212689092242
2025-06-21T11:04:52.993228,0.08001702460631124
2025-06-21T11:04:52.993228,0.07794078125998975
2025-06-21T11:04:52.993228,0.06731575878790941
2025-06-21T11:04:52.993228,0.07699995001977737
2025-06-21T11:04:55.290980,0.0842979861713949
2025-06-21T11:04:55.290980,0.08871778100019845
2025-06-21T11:04:55.290980,0.09135190887180936
2025-06-21T11:04:55.290980,0.09317766218530743
2025-06-21T11:04:55.290980,0.07523254164043085
2025-06-21T11:04:55.290980,0.08275764991208938
2025-06-21T11:04:55.290980,0.0825523845152806
2025-06-21T11:04:55.290980,0.07860690076714805
2025-06-21T11:04:55.290980,0.09258024266959075
2025-06-21T11:04:55.290980,0.0714001195358666
2025-06-21T11:04:55.290980,0.08080474455501016
2025-06-21T11:04:55.290980,0.07431151828538704
2025-06-21T11:04:55.290980,0.08087562528264676
2025-06-21T11:04:55.290980,0.09606959910681652
2025-06-21T11:04:55.290980,0.06963377435379203
2025-06-21T11:04:55.290980,0.07507551322195805
2025-06-21T11:04:55.290980,0.07514209935524847
2025-06-21T11:04:55.290980,0.07064233621163077
2025-06-21T11:04:55.290980,0.07121165342681161
2025-06-21T11:04:55.290980,0.0662122980942876
2025-06-21T11:04:55.290980,0.06784113497185502
2025-06-21T11:04:55.290980,0.07832599678790823
2025-06-21T11:04:55.290980,0.08064727229795879
2025-06-21T11:04:55.290980,0.06616094851342871
2025-06-21T11:04:55.290980,0.06886698857556242
2025-06-21T11:04:55.290980,0.0688829851143615
2025-06-21T11:04:55.290980,0.07905105407085526
2025-06-21T11:04:55.290980,0.07899171486015458
2025-06-21T11:04:55.290980,0.09318748510170213
2025-06-21T11:04:55.290980,0.06652346890640774
2025-06-21T11:04:55.290980,0.10167965066333431
2025-06-21T11:04:55.290980,0.08211009354576634
2025-06-21T11:04:55.290980,0.09233078886590625
2025-06-21T11:04:55.290980,0.08291865281145058
2025-06-21T11:04:55.290980,0.08205554018713976
2025-06-21T11:04:55.290980,0.07367442431144366
2025-06-21T11:04:55.290980,0.08562525295845225
2025-06-21T11:04:55.290980,0.06491852928285809
2025-06-21T11:04:55.290980,0.1086565359920233
2025-06-21T11:04:55.290980,0.06655759512937838
2025-06-21T11:04:55.290980,0.06815485571590676
2025-06-21T11:04:55.290980,0.07637386563290101
2025-06-21T11:04:55.290980,0.07544411400361625
2025-06-21T11:04:55.290980,0.07525961005242605
2025-06-21T11:04:55.290980,0.07818492147790926
2025-06-21T11:04:55.290980,0.07839590045879045
2025-06-21T11:04:55.290980,0.09304286368656449
2025-06-21T11:04:55.290980,0.06630695522339662
2025-06-21T11:04:55.290980,0.0910378521476056
2025-06-21T11:04:55.290980,0.09430200288485327
2025-06-21T11:04:57.588791,0.0691566180680145
2025-06-21T11:04:57.588791,0.06596239591599365
2025-06-21T11:04:57.588791,0.07122913727417624
2025-06-21T11:04:57.588791,0.08400278630875495
2025-06-21T11:04:57.588791,0.07005483309747958
2025-06-21T11:04:57.588791,0.08175503087880494
2025-06-21T11:04:57.588791,0.0771605243053289
2025-06-21T11:04:57.588791,0.06956280287821096
2025-06-21T11:04:57.588791,0.0709417462341911
2025-06-21T11:04:57.588791,0.07530877199989279
2025-06-21T11:04:57.588791,0.08046759579548271
2025-06-21T11:04:57.588791,0.0764141134669531
2025-06-21T11:04:57.588791,0.07102312065812666
2025-06-21T11:04:57.588791,0.09553910074312202
2025-06-21T11:04:57.588791,0.0979593157303238
2025-06-21T11:04:57.588791,0.07382445372803514
2025-06-21T11:04:57.588791,0.08807541331283367
2025-06-21T11:04:57.588791,0.07515049201957144
2025-06-21T11:04:57.588791,0.07235049575238536
2025-06-21T11:04:57.588791,0.07710529432207387
2025-06-21T11:04:57.588791,0.07323611047269474
2025-06-21T11:04:57.588791,0.07343998591233954
2025-06-21T11:04:57.588791,0.06845583934035226
2025-06-21T11:04:57.588791,0.07462022703239372
2025-06-21T11:04:57.588791,0.06688936656794689
2025-06-21T11:04:57.588791,0.10693917588592142
2025-06-21T11:04:57.588791,0.11554061918435765
2025-06-21T11:04:57.588791,0.06766293491897504
2025-06-21T11:04:57.588791,0.10720336821724015
2025-06-21T11:04:57.588791,0.08583010777896716
2025-06-21T11:04:57.588791,0.09609424291599708
2025-06-21T11:04:57.588791,0.07899540648056116
2025-06-21T11:04:57.588791,0.10029112119861813
2025-06-21T11:04:57.588791,0.09573651288131388
2025-06-21T11:04:57.588791,0.07434771078601843
2025-06-21T11:04:57.588791,0.07862859887013432
2025-06-21T11:04:57.588791,0.0783533814406625
2025-06-21T11:04:57.588791,0.08650334540892583
2025-06-21T11:04:57.588791,0.07823510609292261
2025-06-21T11:04:57.588791,0.0801865636134725
2025-06-21T11:04:57.588791,0.0687422691423667
2025-06-21T11:04:57.588791,0.0696895593771093
2025-06-21T11:04:57.588791,0.08950562237012727
2025-06-21T11:04:57.588791,0.08974598311051299
2025-06-21T11:04:57.588791,0.07402285169922802
2025-06-21T11:04:57.588791,0.08773828373805799
2025-06-21T11:04:57.588791,0.07025645900097191
2025-06-21T11:04:57.588791,0.07092359661115374
2025-06-21T11:04:57.588791,0.07017231415312883
2025-06-21T11:04:57.588791,0.06593981675687514
2025-06-21T11:04:59.891674,0.06815957729033469
2025-06-21T11:04:59.891674,0.07296319689738537
2025-06-21T11:04:59.891674,0.12241709161535146
2025-06-21T11:04:59.891674,0.09794246097569059
2025-06-21T11:04:59.891674,0.06492570899117645
2025-06-21T11:04:59.891674,0.08750579658557829
2025-06-21T11:04:59.891674,0.08946079053989711
2025-06-21T11:04:59.891674,0.07938936473235889
2025-06-21T11:04:59.891674,0.08641017808219371
2025-06-21T11:04:59.891674,0.09085230603731978
2025-06-21T11:04:59.891674,0.06465962031378727
2025-06-21T11:04:59.891674,0.07922706840295861
2025-06-21T11:04:59.891674,0.06803380884710857
2025-06-21T11:04:59.891674,0.08874979807308334
2025-06-21T11:04:59.891674,0.07229563972672963
2025-06-21T11:04:59.891674,0.07217600816398859
2025-06-21T11:04:59.891674,0.07840575387718769
2025-06-21T11:04:59.891674,0.07910445739069798
2025-06-21T11:04:59.891674,0.06975924761071213
2025-06-21T11:04:59.891674,0.06680985228923582
2025-06-21T11:04:59.891674,0.07537233704720939
2025-06-21T11:04:59.891674,0.07447941454221833
2025-06-21T11:04:59.891674,0.07256919367808881
2025-06-21T11:04:59.891674,0.07205769329396434
2025-06-21T11:04:59.891674,0.07735251567149493
2025-06-21T11:04:59.891674,0.06446282279207671
2025-06-21T11:04:59.891674,0.10164530955673338
2025-06-21T11:04:59.891674,0.08744289346100942
2025-06-21T11:04:59.891674,0.06872743616495854
2025-06-21T11:04:59.891674,0.09734324707945066
2025-06-21T11:04:59.891674,0.0897357281885642
2025-06-21T11:04:59.891674,0.0870519173088179
2025-06-21T11:04:59.891674,0.07455739200032463
2025-06-21T11:04:59.891674,0.06738864798712867
2025-06-21T11:04:59.891674,0.07190199600371786
2025-06-21T11:04:59.891674,0.08466939778112177
2025-06-21T11:04:59.891674,0.0670913578433957
2025-06-21T11:04:59.891674,0.08225476542962348
2025-06-21T11:04:59.891674,0.08219335451583909
2025-06-21T11:04:59.891674,0.07087336007450214
2025-06-21T11:04:59.891674,0.0734679440130255
2025-06-21T11:04:59.891674,0.08994532387259509
2025-06-21T11:04:59.891674,0.0673607212151506
2025-06-21T11:04:59.891674,0.07113416065559339
2025-06-21T11:04:59.891674,0.06774765327291157
2025-06-21T11:04:59.891674,0.07620033534111943
2025-06-21T11:04:59.891674,0.06900460491857333
2025-06-21T11:04:59.891674,0.08154137059254692
2025-06-21T11:04:59.891674,0.10238393492750379
2025-06-21T11:04:59.891674,0.06867620849272171
2025-06-21T11:14:17.926125,0.17548766984135217
2025-06-21T11:14:17.926125,0.037074149163013506
2025-06-21T11:14:17.926125,0.041754689464807496
2025-06-21T11:14:17.926125,0.04356969449886552
2025-06-21T11:14:17.926125,0.04270962001481471
2025-06-21T11:14:17.926125,0.06692042274819714
2025-06-21T11:14:17.926125,0.03933758387438955
2025-06-21T11:14:17.926125,0.058383573347073094
2025-06-21T11:14:17.926125,0.04991317975406062
2025-06-21T11:14:17.926125,0.06644897219458556
2025-06-21T11:14:17.926125,0.043840303205138834
2025-06-21T11:14:17.926125,0.04004963371743049
2025-06-21T11:14:17.926125,0.04478181033144637
2025-06-21T11:14:17.926125,0.049015986473502825
2025-06-21T11:14:17.926125,0.05000991283878611
2025-06-21T11:14:17.926125,0.05098893911614748
2025-06-21T11:14:17.926125,0.047455155374527956
2025-06-21T11:14:17.926125,0.03779609039455256
2025-06-21T11:14:17.926125,0.03786837913355416
2025-06-21T11:14:17.926125,0.037939628048796914
2025-06-21T11:14:17.926125,0.03682539488160217
2025-06-21T11:14:17.926125,0.037211217319246814
2025-06-21T11:14:17.926125,0.04141542875564004
2025-06-21T11:14:17.926125,0.03894782610216278
2025-06-21T11:14:17.926125,0.03967754858822017
2025-06-21T11:14:17.926125,0.0406239542216551
2025-06-21T11:14:17.926125,0.043091096385184935
2025-06-21T11:14:17.926125,0.04490706903843082
2025-06-21T11:14:17.926125,0.038042284153222264
2025-06-21T11:14:17.926125,0.043215053542354644
2025-06-21T11:14:17.926125,0.03854785415126869
2025-06-21T11:14:17.926125,0.03983600009372259
2025-06-21T11:14:17.926125,0.03659093826752904
2025-06-21T11:14:17.926125,0.03743288055753278
2025-06-21T11:14:17.926125,0.03759723309467307
2025-06-21T11:14:17.926125,0.038084839120544944
2025-06-21T11:14:17.926125,0.0498640865527233
2025-06-21T11:14:17.926125,0.0403449752182025
2025-06-21T11:14:17.926125,0.05274432094220962
2025-06-21T11:14:17.926125,0.03706254531421858
2025-06-21T11:14:17.926125,0.041843510205498056
2025-06-21T11:14:17.926125,0.03937195732074357
2025-06-21T11:14:17.926125,0.044899267013950375
2025-06-21T11:14:17.926125,0.04291677644313139
2025-06-21T11:14:17.926125,0.03831515325758481
2025-06-21T11:14:17.926125,0.0400959301300706
2025-06-21T11:14:17.926125,0.04623328693952371
2025-06-21T11:14:17.926125,0.04119302170043475
2025-06-21T11:14:17.926125,0.053606405448288985
2025-06-21T11:14:17.926125,0.03810962431764566
2025-06-21T11:14:17.926125,0.04051318617694537
2025-06-21T11:14:17.926125,0.04705148277979927
2025-06-21T11:14:17.926125,0.038918809624165406
2025-06-21T11:14:17.926125,0.04169099831852112
2025-06-21T11:14:17.926125,0.03895657523031493
2025-06-21T11:14:17.926125,0.04080206250566776
2025-06-21T11:14:17.926125,0.042029575337082445
2025-06-21T11:14:17.926125,0.03788535287193051
2025-06-21T11:14:17.926125,0.04036450147337452
2025-06-21T11:14:17.926125,0.04580432314440268
2025-06-21T11:14:17.926125,0.040159979110808465
2025-06-21T11:14:17.926125,0.040047108732225126
2025-06-21T11:14:17.926125,0.036777087666540774
2025-06-21T11:14:17.926125,0.04571667819649907
2025-06-21T11:14:17.926125,0.03724386437656879
2025-06-21T11:14:17.926125,0.03939568952283874
2025-06-21T11:14:17.926125,0.042159037829080724
2025-06-21T11:14:17.926125,0.03667067196133844
2025-06-21T11:14:17.926125,0.03905869000329241
2025-06-21T11:14:17.926125,0.04486627571160171
2025-06-21T11:14:17.926125,0.03821738328346769
2025-06-21T11:14:17.926125,0.04570403884007557
2025-06-21T11:14:17.926125,0.0375668563523649
2025-06-21T11:14:17.926125,0.03784760951663413
2025-06-21T11:14:17.926125,0.04110324868966866
2025-06-21T11:14:17.926125,0.038336260336246444
2025-06-21T11:14:17.926125,0.03674724925948751
2025-06-21T11:14:17.926125,0.04281817795728591
2025-06-21T11:14:17.926125,0.04257208527317431
2025-06-21T11:14:17.926125,0.04182616782692394
2025-06-21T11:14:17.926125,0.0450353031845276
2025-06-21T11:14:17.926125,0.04308665434836212
2025-06-21T11:14:17.926125,0.037803804892925674
2025-06-21T11:14:17.926125,0.0366510990777688
2025-06-21T11:14:17.926125,0.03782509249594883
2025-06-21T11:14:17.926125,0.03707029462137603
2025-06-21T11:14:17.926125,0.040931695451818254
2025-06-21T11:14:17.926125,0.04765174277619881
2025-06-21T11:14:17.926125,0.04491150416902865
2025-06-21T11:14:17.926125,0.042522866903002644
2025-06-21T11:14:17.926125,0.038538273861844316
2025-06-21T11:14:17.926125,0.041065952171822476
2025-06-21T11:14:17.926125,0.03904676565147758
2025-06-21T11:14:17.926125,0.036611399154734284
2025-06-21T11:14:17.926125,0.04506099087650661
2025-06-21T11:14:17.926125,0.03687598874937488
2025-06-21T11:14:17.926125,0.044028587582977806
2025-06-21T11:14:17.926125,0.036761043065608304
2025-06-21T11:14:17.926125,0.03725939295761747
2025-06-21T11:14:17.926125,0.03984501307269652
2025-06-21T11:14:17.926125,0.03735535343432468
2025-06-21T11:14:17.926125,0.03920905148122091
2025-06-21T11:14:17.926125,0.047388397807622565
2025-06-21T11:14:17.926125,0.03988666427578895
2025-06-21T11:14:17.926125,0.047058697980387046
2025-06-21T11:14:17.926125,0.03977975943769689
2025-06-21T11:14:17.926125,0.03884639716307683
2025-06-21T11:14:17.926125,0.038016712453045096
2025-06-21T11:14:17.926125,0.0382593615230846
2025-06-21T11:14:17.926125,0.05146337544905044
2025-06-21T11:14:17.926125,0.04280975354913119
2025-06-21T11:14:17.926125,0.04156485442057636
2025-06-21T11:14:17.926125,0.03874046714848915
2025-06-21T11:14:17.926125,0.03765391634462236
2025-06-21T11:14:17.926125,0.049190375551044795
2025-06-21T11:14:17.926125,0.04343851352312138
2025-06-21T11:14:17.926125,0.040465223203731825
2025-06-21T11:14:17.926125,0.04317675775384407
2025-06-21T11:14:31.653060,0.04245701285367245
2025-06-21T11:14:31.653060,0.03763054591679569
2025-06-21T11:14:31.653060,0.05248237411104637
2025-06-21T11:14:31.653060,0.046681576910235265
2025-06-21T11:14:31.653060,0.04479067696259116
2025-06-21T11:14:31.653060,0.03753543422910268
2025-06-21T11:14:31.653060,0.045144247932539086
2025-06-21T11:14:31.653060,0.03804410347450919
2025-06-21T11:14:31.653060,0.03803935414019399
2025-06-21T11:14:31.653060,0.03987893639737659
2025-06-21T11:14:31.653060,0.058738820314309215
2025-06-21T11:14:31.653060,0.05579295042514296
2025-06-21T11:14:31.653060,0.0466000483570236
2025-06-21T11:14:31.653060,0.06193302593671439
2025-06-21T11:14:31.653060,0.05999258278112618
2025-06-21T11:14:31.653060,0.03925889092085235
2025-06-21T11:14:31.653060,0.04297300808297251
2025-06-21T11:14:31.653060,0.04612770522787699
2025-06-21T11:14:31.653060,0.0543180236987975
2025-06-21T11:14:31.653060,0.03831708647595382
2025-06-21T11:14:31.653060,0.06741070457011782
2025-06-21T11:14:31.653060,0.04859373467683701
2025-06-21T11:14:31.653060,0.039210350073631314
2025-06-21T11:14:31.653060,0.04399200508842627
2025-06-21T11:14:31.653060,0.05430802538270414
2025-06-21T11:14:31.653060,0.040684269395540394
2025-06-21T11:14:31.653060,0.0446509830999378
2025-06-21T11:14:31.653060,0.05019759343260348
2025-06-21T11:14:31.653060,0.048022849703812744
2025-06-21T11:14:31.653060,0.049257431975164814
2025-06-21T11:14:31.653060,0.041389538152111306
2025-06-21T11:14:31.653060,0.041322450232894846
2025-06-21T11:14:31.653060,0.04239262723846275
2025-06-21T11:14:31.653060,0.03970641461725817
2025-06-21T11:14:31.653060,0.03788943403658853
2025-06-21T11:14:31.653060,0.06563528596346332
2025-06-21T11:14:31.653060,0.0467708724994881
2025-06-21T11:14:31.653060,0.03720855049191298
2025-06-21T11:14:31.653060,0.04161741292891592
2025-06-21T11:14:31.653060,0.0499703981743405
2025-06-21T11:14:31.653060,0.04942608279601812
2025-06-21T11:14:31.653060,0.049800434418406384
2025-06-21T11:14:31.653060,0.06429538870635512
2025-06-21T11:14:31.653060,0.06228070819478817
2025-06-21T11:14:31.653060,0.052576526694172364
2025-06-21T11:14:31.653060,0.04448821651957062
2025-06-21T11:14:31.653060,0.04481709097215987
2025-06-21T11:14:31.653060,0.050276804324431115
2025-06-21T11:14:31.653060,0.04190128597846747
2025-06-21T11:14:31.653060,0.04156736170544049
2025-06-21T11:14:31.653060,0.036624135999136206
2025-06-21T11:14:31.653060,0.0485678235612498
2025-06-21T11:14:31.653060,0.05432042829832475
2025-06-21T11:14:31.653060,0.036887234025727064
2025-06-21T11:14:31.653060,0.05654683893345569
2025-06-21T11:14:31.653060,0.0434400532265703
2025-06-21T11:14:31.653060,0.04485967751223363
2025-06-21T11:14:31.653060,0.04025097108115831
2025-06-21T11:14:31.653060,0.05164277332339347
2025-06-21T11:14:31.653060,0.05545871533990698
2025-06-21T11:14:31.653060,0.04940897063127307
2025-06-21T11:14:31.653060,0.04162242962832115
2025-06-21T11:14:31.653060,0.04297898987874123
2025-06-21T11:14:31.653060,0.06015334771814347
2025-06-21T11:14:31.653060,0.0761872585467013
2025-06-21T11:14:31.653060,0.049875691794263786
2025-06-21T11:14:31.653060,0.05009996211852104
2025-06-21T11:14:31.653060,0.053399446351058
2025-06-21T11:14:31.653060,0.03815177986034195
2025-06-21T11:14:31.653060,0.04752752390652837
2025-06-21T11:14:31.653060,0.048440905896109096
2025-06-21T11:14:31.653060,0.04284951353510706
2025-06-21T11:14:31.653060,0.048140635722828715
2025-06-21T11:14:31.653060,0.046421747771174894
2025-06-21T11:14:31.653060,0.04412474368603878
2025-06-21T11:14:31.653060,0.06638051451828927
2025-06-21T11:14:31.653060,0.04602267497780497
2025-06-21T11:14:31.653060,0.048928107659460277
2025-06-21T11:14:31.653060,0.052837658183159886
2025-06-21T11:14:31.653060,0.03771369907536948
2025-06-21T11:14:31.653060,0.0400995163789805
2025-06-21T11:14:31.653060,0.041887945298674366
2025-06-21T11:14:31.653060,0.036854010873652164
2025-06-21T11:14:31.653060,0.055127967803419664
2025-06-21T11:14:31.653060,0.039323481354415366
2025-06-21T11:14:31.653060,0.04028511157573691
2025-06-21T11:14:31.653060,0.06024626974363352
2025-06-21T11:14:31.653060,0.059636536889489736
2025-06-21T11:14:31.653060,0.03893101118657953
2025-06-21T11:14:31.653060,0.03979882514896109
2025-06-21T11:14:31.653060,0.03759094848485569
2025-06-21T11:14:31.653060,0.048597496268850904
2025-06-21T11:14:31.653060,0.03780521910405397
2025-06-21T11:14:31.653060,0.037581464411111945
2025-06-21T11:14:31.653060,0.04047274149574522
2025-06-21T11:14:31.653060,0.042304865707020814
2025-06-21T11:14:31.653060,0.03781452627416835
2025-06-21T11:14:31.653060,0.04250344369643859
2025-06-21T11:14:31.653060,0.0425762743090591
2025-06-21T11:14:31.653060,0.04396377274717236
2025-06-21T11:14:31.653060,0.03723801802124591
2025-06-21T11:14:31.653060,0.04563022313855865
2025-06-21T11:14:31.653060,0.06457214790375729
2025-06-21T11:14:31.653060,0.039570548003445415
2025-06-21T11:14:31.653060,0.04135903527286315
2025-06-21T11:14:31.653060,0.03973496587279013
2025-06-21T11:14:31.653060,0.037990201649789127
2025-06-21T11:14:31.653060,0.039631921282027506
2025-06-21T11:14:31.653060,0.038305278887555194
2025-06-21T11:14:31.653060,0.03868413141693905
2025-06-21T11:14:31.653060,0.04051725302686511
2025-06-21T11:14:31.653060,0.046812163816287854
2025-06-21T11:14:31.653060,0.03800223544629531
2025-06-21T11:14:31.653060,0.036788532242492566
2025-06-21T11:14:31.653060,0.04501964335697737
2025-06-21T11:14:31.653060,0.037590912940791844
2025-06-21T11:14:31.653060,0.04218530775434013
2025-06-21T11:14:31.653060,0.03837934881020757
2025-06-21T11:14:45.341004,0.034562004908064534
2025-06-21T11:14:45.341004,0.03377113124030007
2025-06-21T11:14:45.341004,0.036714010712690405
2025-06-21T11:14:45.341004,0.054872866272974385
2025-06-21T11:14:45.341004,0.04018607343990079
2025-06-21T11:14:45.341004,0.04057074542526142
2025-06-21T11:14:45.341004,0.03399016822620593
2025-06-21T11:14:45.341004,0.033588409015439094
2025-06-21T11:14:45.341004,0.04887667730120211
2025-06-21T11:14:45.341004,0.032875688088303524
2025-06-21T11:14:45.341004,0.03954856221061178
2025-06-21T11:14:45.341004,0.03722820590340712
2025-06-21T11:14:45.341004,0.03574563288448103
2025-06-21T11:14:45.341004,0.03388651332344781
2025-06-21T11:14:45.341004,0.04016257429814709
2025-06-21T11:14:45.341004,0.03794838084430523
2025-06-21T11:14:45.341004,0.03838329684828481
2025-06-21T11:14:45.341004,0.03448010869504099
2025-06-21T11:14:45.341004,0.03680392725300581
2025-06-21T11:14:45.341004,0.04528737643998888
2025-06-21T11:14:45.341004,0.045796623546839624
2025-06-21T11:14:45.341004,0.042692553814015155
2025-06-21T11:14:45.341004,0.04101580165089273
2025-06-21T11:14:45.341004,0.04580184755024077
2025-06-21T11:14:45.341004,0.05504392635738109
2025-06-21T11:14:45.341004,0.04034815989996139
2025-06-21T11:14:45.341004,0.04776978739160083
2025-06-21T11:14:45.341004,0.04321511382410217
2025-06-21T11:14:45.341004,0.03413293982857355
2025-06-21T11:14:45.341004,0.04553035630068743
2025-06-21T11:14:45.341004,0.04150884261654593
2025-06-21T11:14:45.341004,0.03339069800684689
2025-06-21T11:14:45.341004,0.0371910754056989
2025-06-21T11:14:45.341004,0.03524725503703428
2025-06-21T11:14:45.341004,0.037797617987119295
2025-06-21T11:14:45.341004,0.03363165138907183
2025-06-21T11:14:45.341004,0.061276533197014225
2025-06-21T11:14:45.341004,0.03356232737895004
2025-06-21T11:14:45.341004,0.045566278722155885
2025-06-21T11:14:45.341004,0.03733070166721249
2025-06-21T11:14:45.341004,0.03298259084198274
2025-06-21T11:14:45.341004,0.03496371750488243
2025-06-21T11:14:45.341004,0.03855618731860984
2025-06-21T11:14:45.341004,0.03650903625768072
2025-06-21T11:14:45.341004,0.05739744606758501
2025-06-21T11:14:45.341004,0.03368442240243905
2025-06-21T11:14:45.341004,0.03624857724365136
2025-06-21T11:14:45.341004,0.0355019253668535
2025-06-21T11:14:45.341004,0.03411125050585775
2025-06-21T11:14:45.341004,0.03378824599574322
2025-06-21T11:14:45.341004,0.036843240136600876
2025-06-21T11:14:45.341004,0.03613373564165403
2025-06-21T11:14:45.341004,0.037463162450438306
2025-06-21T11:14:45.341004,0.043261928391693606
2025-06-21T11:14:45.341004,0.035438596153236544
2025-06-21T11:14:45.341004,0.04033017300123916
2025-06-21T11:14:45.341004,0.03675210430129183
2025-06-21T11:14:45.341004,0.03300757407976922
2025-06-21T11:14:45.341004,0.03298895303236462
2025-06-21T11:14:45.341004,0.05547827202108142
2025-06-21T11:14:45.341004,0.051320627524970575
2025-06-21T11:14:45.341004,0.04593800087283913
2025-06-21T11:14:45.341004,0.036339651264911635
2025-06-21T11:14:45.341004,0.03263418663118665
2025-06-21T11:14:45.341004,0.034755107622926176
2025-06-21T11:14:45.341004,0.04702160800327495
2025-06-21T11:14:45.341004,0.03284436500723684
2025-06-21T11:14:45.341004,0.036251431756236616
2025-06-21T11:14:45.341004,0.034713760016454785
2025-06-21T11:14:45.341004,0.03525333257866825
2025-06-21T11:14:45.341004,0.04642017076119116
2025-06-21T11:14:45.341004,0.035982762522904735
2025-06-21T11:14:45.341004,0.034599568351379915
2025-06-21T11:14:45.341004,0.04197938970292858
2025-06-21T11:14:45.341004,0.03436588579952473
2025-06-21T11:14:45.341004,0.035068611099932825
2025-06-21T11:14:45.341004,0.033372753274846276
2025-06-21T11:14:45.341004,0.03605994815359357
2025-06-21T11:14:45.341004,0.04491289660161191
2025-06-21T11:14:45.341004,0.03442405109558215
2025-06-21T11:14:45.341004,0.03482027192449895
2025-06-21T11:14:45.341004,0.03638914319558826
2025-06-21T11:14:45.341004,0.03952773431195637
2025-06-21T11:14:45.341004,0.03592720150370754
2025-06-21T11:14:45.341004,0.0343061961743192
2025-06-21T11:14:45.341004,0.04286649190401433
2025-06-21T11:14:45.341004,0.03486547834550848
2025-06-21T11:14:45.341004,0.03815044021857925
2025-06-21T11:14:45.341004,0.06066777246012591
2025-06-21T11:14:45.341004,0.039657415527791076
2025-06-21T11:14:45.341004,0.032358548732216906
2025-06-21T11:14:45.341004,0.03459212970042376
2025-06-21T11:14:45.341004,0.04439014053760328
2025-06-21T11:14:45.341004,0.033170788106400284
2025-06-21T11:14:45.341004,0.03681345529434734
2025-06-21T11:14:45.341004,0.03776516320724925
2025-06-21T11:14:45.341004,0.03648779071321626
2025-06-21T11:14:45.341004,0.03570379503014713
2025-06-21T11:14:45.341004,0.03403010085469489
2025-06-21T11:14:45.341004,0.03763380720996703
2025-06-21T11:14:45.341004,0.0326529639200954
2025-06-21T11:14:45.341004,0.03632403722322595
2025-06-21T11:14:45.341004,0.06858939117840639
2025-06-21T11:14:45.341004,0.04869831262227964
2025-06-21T11:14:45.341004,0.04274163249247058
2025-06-21T11:14:45.341004,0.04027015924473811
2025-06-21T11:14:45.341004,0.035757046582485706
2025-06-21T11:14:45.341004,0.04070786032297389
2025-06-21T11:14:45.341004,0.03517930002189471
2025-06-21T11:14:45.341004,0.06457420927043891
2025-06-21T11:14:45.341004,0.03235854300541734
2025-06-21T11:14:45.341004,0.03489007341319002
2025-06-21T11:14:45.341004,0.03498437637245089
2025-06-21T11:14:45.341004,0.03346267904097784
2025-06-21T11:14:45.341004,0.03364847820121834
2025-06-21T11:14:45.341004,0.03418277857011973
2025-06-21T11:14:45.341004,0.0333772068645015
2025-06-21T11:14:45.341004,0.035508326314629766
2025-06-21T11:14:59.162177,0.058479191835665786
2025-06-21T11:14:59.162177,0.037291106740734395
2025-06-21T11:14:59.162177,0.040948874594370355
2025-06-21T11:14:59.162177,0.05549963555921962
2025-06-21T11:14:59.162177,0.04087508025355642
2025-06-21T11:14:59.162177,0.0386809409720831
2025-06-21T11:14:59.162177,0.044218864749469254
2025-06-21T11:14:59.162177,0.05186952003630161
2025-06-21T11:14:59.162177,0.03984618152852164
2025-06-21T11:14:59.162177,0.04288684291722746
2025-06-21T11:14:59.162177,0.0476419866290154
2025-06-21T11:14:59.162177,0.03804585748146612
2025-06-21T11:14:59.162177,0.038131688934473475
2025-06-21T11:14:59.162177,0.04175119664678455
2025-06-21T11:14:59.162177,0.03786515536387132
2025-06-21T11:14:59.162177,0.048054528033054454
2025-06-21T11:14:59.162177,0.036240693365031794
2025-06-21T11:14:59.162177,0.0342599854153357
2025-06-21T11:14:59.162177,0.05106085218659244
2025-06-21T11:14:59.162177,0.03588765936088585
2025-06-21T11:14:59.162177,0.038362707641350725
2025-06-21T11:14:59.162177,0.04419782877134328
2025-06-21T11:14:59.162177,0.043664878054819
2025-06-21T11:14:59.162177,0.0358220207423197
2025-06-21T11:14:59.162177,0.040534163902174236
2025-06-21T11:14:59.162177,0.04097223941166479
2025-06-21T11:14:59.162177,0.042788420486221154
2025-06-21T11:14:59.162177,0.051856519118853805
2025-06-21T11:14:59.162177,0.04069911715942289
2025-06-21T11:14:59.162177,0.047642355292153084
2025-06-21T11:14:59.162177,0.03622292140486767
2025-06-21T11:14:59.162177,0.04055610723469516
2025-06-21T11:14:59.162177,0.04475242621546571
2025-06-21T11:14:59.162177,0.039160037094882916
2025-06-21T11:14:59.162177,0.043592613863643305
2025-06-21T11:14:59.162177,0.054635286809277275
2025-06-21T11:14:59.162177,0.03968074970864823
2025-06-21T11:14:59.162177,0.05023391031715476
2025-06-21T11:14:59.162177,0.040458957775722594
2025-06-21T11:14:59.162177,0.04916021321947854
2025-06-21T11:14:59.162177,0.04075246290284422
2025-06-21T11:14:59.162177,0.03916221205682504
2025-06-21T11:14:59.162177,0.03654656010975867
2025-06-21T11:14:59.162177,0.0369342722618017
2025-06-21T11:14:59.162177,0.0423520343419896
2025-06-21T11:14:59.162177,0.04100759100728202
2025-06-21T11:14:59.162177,0.054679531372041956
2025-06-21T11:14:59.162177,0.05384494716598032
2025-06-21T11:14:59.162177,0.04069703755412424
2025-06-21T11:14:59.162177,0.05859550047219757
2025-06-21T11:14:59.162177,0.035340091609822585
2025-06-21T11:14:59.162177,0.045367691451359306
2025-06-21T11:14:59.162177,0.04929089888037279
2025-06-21T11:14:59.162177,0.035534073491849984
2025-06-21T11:14:59.162177,0.034448253806224315
2025-06-21T11:14:59.162177,0.0465962820222533
2025-06-21T11:14:59.162177,0.047936391497694755
2025-06-21T11:14:59.162177,0.04135331638105413
2025-06-21T11:14:59.162177,0.038517492490679414
2025-06-21T11:14:59.162177,0.04565540932222958
2025-06-21T11:14:59.162177,0.04083374234231065
2025-06-21T11:14:59.162177,0.035669007190401225
2025-06-21T11:14:59.162177,0.055158362644810756
2025-06-21T11:14:59.162177,0.043505296262102734
2025-06-21T11:14:59.162177,0.04050741764522081
2025-06-21T11:14:59.162177,0.041567643912259845
2025-06-21T11:14:59.162177,0.053164703950080015
2025-06-21T11:14:59.162177,0.034373803497181464
2025-06-21T11:14:59.162177,0.035617267731084645
2025-06-21T11:14:59.162177,0.040649497604110144
2025-06-21T11:14:59.162177,0.03454327900925154
2025-06-21T11:14:59.162177,0.03597126957858947
2025-06-21T11:14:59.162177,0.03974215694872942
2025-06-21T11:14:59.162177,0.034620029169612154
2025-06-21T11:14:59.162177,0.0386679295169793
2025-06-21T11:14:59.162177,0.03817299008900921
2025-06-21T11:14:59.162177,0.035499691015768
2025-06-21T11:14:59.162177,0.03712056570544353
2025-06-21T11:14:59.162177,0.034326743610203755
2025-06-21T11:14:59.162177,0.038624899664060866
2025-06-21T11:14:59.162177,0.038420939091557284
2025-06-21T11:14:59.162177,0.034230833566846905
2025-06-21T11:14:59.162177,0.035755115162125636
2025-06-21T11:14:59.162177,0.03606576845933636
2025-06-21T11:14:59.162177,0.03497544534827459
2025-06-21T11:14:59.162177,0.03966478667403213
2025-06-21T11:14:59.162177,0.03780849253909504
2025-06-21T11:14:59.162177,0.03884113039747574
2025-06-21T11:14:59.162177,0.06458826335180708
2025-06-21T11:14:59.162177,0.03563727932159226
2025-06-21T11:14:59.162177,0.034642105839441384
2025-06-21T11:14:59.162177,0.03556907627341836
2025-06-21T11:14:59.162177,0.0380329322174211
2025-06-21T11:14:59.162177,0.0382288749529633
2025-06-21T11:14:59.162177,0.03666924598259271
2025-06-21T11:14:59.162177,0.050532171223776914
2025-06-21T11:14:59.162177,0.04057389542413492
2025-06-21T11:14:59.162177,0.046550096278932404
2025-06-21T11:14:59.162177,0.03693373631113295
2025-06-21T11:14:59.162177,0.04948181163406813
2025-06-21T11:14:59.162177,0.04675856322470784
2025-06-21T11:14:59.162177,0.04137198803206006
2025-06-21T11:14:59.162177,0.0373927938389327
2025-06-21T11:14:59.162177,0.03931794021070876
2025-06-21T11:14:59.162177,0.03626402604371739
2025-06-21T11:14:59.162177,0.035111359292560616
2025-06-21T11:14:59.162177,0.04357301383890204
2025-06-21T11:14:59.162177,0.03517903517272376
2025-06-21T11:14:59.162177,0.036706206660752125
2025-06-21T11:14:59.162177,0.03435179876542227
2025-06-21T11:14:59.162177,0.035245291141498235
2025-06-21T11:14:59.162177,0.037498718303401436
2025-06-21T11:14:59.162177,0.04060227468127089
2025-06-21T11:14:59.162177,0.03886273692560212
2025-06-21T11:14:59.162177,0.03674182265256143
2025-06-21T11:14:59.162177,0.034187267410754084
2025-06-21T11:14:59.162177,0.04488579742450496
2025-06-21T11:14:59.162177,0.0416275507572772
2025-06-21T11:15:13.453446,0.036237176882224366
2025-06-21T11:15:13.453446,0.03916774548541013
2025-06-21T11:15:13.453446,0.04938198352653089
2025-06-21T11:15:13.453446,0.04738295541607947
2025-06-21T11:15:13.453446,0.04440275302472951
2025-06-21T11:15:13.453446,0.03937200398490055
2025-06-21T11:15:13.453446,0.051314704935322905
2025-06-21T11:15:13.453446,0.03906125941335026
2025-06-21T11:15:13.453446,0.05011163851416889
2025-06-21T11:15:13.453446,0.04968089551250125
2025-06-21T11:15:13.453446,0.037310656931998955
2025-06-21T11:15:13.453446,0.04068528092288615
2025-06-21T11:15:13.453446,0.04129737507757101
2025-06-21T11:15:13.453446,0.042421270476828934
2025-06-21T11:15:13.453446,0.03813354862578888
2025-06-21T11:15:13.453446,0.03934867155964643
2025-06-21T11:15:13.453446,0.04290408298471846
2025-06-21T11:15:13.453446,0.039589428539100927
2025-06-21T11:15:13.453446,0.04256395420077812
2025-06-21T11:15:13.453446,0.04689272412273342
2025-06-21T11:15:13.453446,0.03670485719608663
2025-06-21T11:15:13.453446,0.05028247782183974
2025-06-21T11:15:13.453446,0.03858502809702533
2025-06-21T11:15:13.453446,0.036682994836606087
2025-06-21T11:15:13.453446,0.043333747836040916
2025-06-21T11:15:13.453446,0.06226625833725097
2025-06-21T11:15:13.453446,0.040211401847312755
2025-06-21T11:15:13.453446,0.04406645581525213
2025-06-21T11:15:13.453446,0.0387740614762037
2025-06-21T11:15:13.453446,0.054295570393260474
2025-06-21T11:15:13.453446,0.03708879657868456
2025-06-21T11:15:13.453446,0.03711765753485861
2025-06-21T11:15:13.453446,0.037893692956063776
2025-06-21T11:15:13.453446,0.03861232268677219
2025-06-21T11:15:13.453446,0.046429380149125433
2025-06-21T11:15:13.453446,0.037315940471449635
2025-06-21T11:15:13.453446,0.03884530405732121
2025-06-21T11:15:13.453446,0.03810764319110129
2025-06-21T11:15:13.453446,0.040463480371584384
2025-06-21T11:15:13.453446,0.045753804559194956
2025-06-21T11:15:13.453446,0.043182131222646046
2025-06-21T11:15:13.453446,0.04641554305767546
2025-06-21T11:15:13.453446,0.045484105476533254
2025-06-21T11:15:13.453446,0.0434198912697036
2025-06-21T11:15:13.453446,0.04078314283447217
2025-06-21T11:15:13.453446,0.04127627580411777
2025-06-21T11:15:13.453446,0.0386690419003056
2025-06-21T11:15:13.453446,0.03937384803635606
2025-06-21T11:15:13.453446,0.03996349892751723
2025-06-21T11:15:13.453446,0.03898583711755073
2025-06-21T11:15:13.453446,0.04144844758553199
2025-06-21T11:15:13.453446,0.04146580223393721
2025-06-21T11:15:13.453446,0.04153206781197556
2025-06-21T11:15:13.453446,0.0489045076048177
2025-06-21T11:15:13.453446,0.0389525430279201
2025-06-21T11:15:13.453446,0.0441718382749519
2025-06-21T11:15:13.453446,0.04257611524784395
2025-06-21T11:15:13.453446,0.04377366754512637
2025-06-21T11:15:13.453446,0.038245478624116556
2025-06-21T11:15:13.453446,0.03994437323873627
2025-06-21T11:15:13.453446,0.03644168649476298
2025-06-21T11:15:13.453446,0.041697339760786864
2025-06-21T11:15:13.453446,0.03734243717265984
2025-06-21T11:15:13.453446,0.04659582438015386
2025-06-21T11:15:13.453446,0.04111636942175845
2025-06-21T11:15:13.453446,0.03925866054766454
2025-06-21T11:15:13.453446,0.04298585765158498
2025-06-21T11:15:13.453446,0.036826565793094804
2025-06-21T11:15:13.453446,0.03975272264091625
2025-06-21T11:15:13.453446,0.03703425380495244
2025-06-21T11:15:13.453446,0.036893772380999404
2025-06-21T11:15:13.453446,0.03820239181371712
2025-06-21T11:15:13.453446,0.04583166283489559
2025-06-21T11:15:13.453446,0.04012786676408357
2025-06-21T11:15:13.453446,0.0416056678638352
2025-06-21T11:15:13.453446,0.04017857525439801
2025-06-21T11:15:13.453446,0.04505903324053544
2025-06-21T11:15:13.453446,0.047231515858251714
2025-06-21T11:15:13.453446,0.04570065386782405
2025-06-21T11:15:13.453446,0.047093883290684514
2025-06-21T11:15:13.453446,0.03799959703314606
2025-06-21T11:15:13.453446,0.042105331149887945
2025-06-21T11:15:13.453446,0.060601728351787856
2025-06-21T11:15:13.453446,0.050329273762546055
2025-06-21T11:15:13.453446,0.053187329492190606
2025-06-21T11:15:13.453446,0.06973418875479867
2025-06-21T11:15:13.453446,0.03988933325677988
2025-06-21T11:15:13.453446,0.03829927153855213
2025-06-21T11:15:13.453446,0.041127553307188605
2025-06-21T11:15:13.453446,0.0681360436479577
2025-06-21T11:15:13.453446,0.04541244256198853
2025-06-21T11:15:13.453446,0.04334262638030724
2025-06-21T11:15:13.453446,0.04664553050740219
2025-06-21T11:15:13.453446,0.03631657304488145
2025-06-21T11:15:13.453446,0.05224484693662277
2025-06-21T11:15:13.453446,0.03974941718685365
2025-06-21T11:15:13.453446,0.04844737984707912
2025-06-21T11:15:13.453446,0.04898652116467854
2025-06-21T11:15:13.453446,0.0557697423849288
2025-06-21T11:15:13.453446,0.0396541145618778
2025-06-21T11:15:13.453446,0.042495032700233915
2025-06-21T11:15:13.453446,0.04522202750027844
2025-06-21T11:15:13.453446,0.03636485024587934
2025-06-21T11:15:13.453446,0.04820274500168753
2025-06-21T11:15:13.453446,0.056778699775104455
2025-06-21T11:15:13.453446,0.04306431026899762
2025-06-21T11:15:13.453446,0.03647837440388242
2025-06-21T11:15:13.453446,0.05172606658630021
2025-06-21T11:15:13.453446,0.040835916247811244
2025-06-21T11:15:13.453446,0.042514741872973064
2025-06-21T11:15:13.453446,0.05206152202694492
2025-06-21T11:15:13.453446,0.036903394783619814
2025-06-21T11:15:13.453446,0.0365582312708355
2025-06-21T11:15:13.453446,0.0371976110175954
2025-06-21T11:15:13.453446,0.055203901595774284
2025-06-21T11:15:13.453446,0.037589310280515195
2025-06-21T11:15:13.453446,0.04027756174295989
2025-06-21T11:15:13.453446,0.039849700198313395
